title,contents,sdate,edate
쌍용건설㈜,2020년 2월 PJT 계약직 채용,2020-02-01,2020-02-29
한세실업㈜,2020 상반기 한세실업 신입사원 공개채용,2020-02-01,2020-02-12
㈜영원무역,2020년 2월 신입/경력 계약직 채용,2020-02-01,2020-02-24
케이티엠엔에스,2020년 KT M&S 5G 유통전문가 모집 (20-2기),2020-02-01,2020-02-10
현대스틸산업㈜,2020년 신입/경력사원 공개채용,2020-02-01,2020-02-15
㈜케이씨씨,2020년 각 부문 수시 채용,2020-02-02,2020-03-02
신한벽지㈜,2020년 각 부문별 신입 및 경력직원 채용,2020-02-02,2020-02-29
SK네트웍스,[SK렌터카] 전문분야 신입/경력 수시 채용,2020-02-03,2020-02-11
삼성물산,[리조트] 2020년 4급 신입사원 채용,2020-02-03,2020-02-10
삼성에스디아이,5급 제조직 신입사원 채용,2020-02-03,2020-02-12
㈜호텔신라,2020년 4급 신입사원 채용(TR 부문),2020-02-03,2020-02-10
GS네오텍㈜,2020년 신입/경력사원 채용,2020-02-03,2020-02-17
㈜엔씨소프트,NC소프트 부문별 수시 채용,2020-02-03,2020-03-05
㈜팜스코,[하림그룹]㈜팜스코 신입/경력사원 채용,2020-02-04,2020-02-17
대한기계설비건설협회,2020년 신입직원 채용,2020-02-04,2020-02-07
보성특산교역㈜,회계관리 및 해외영업 공채,2020-02-04,2020-02-07
에어서울㈜,2020년 상반기 신입직원(5급) 채용,2020-02-04,2020-02-10
㈜더블유비스킨,2020 WBSKIN 전 부문 정규직 열린채용,2020-02-04,2020-03-05
㈜코리아세븐,2020년 신입/경력 채용,2020-02-05,2020-02-17
㈜웅진씽크빅,[전국] 영업 인턴 관리자 모집,2020-02-05,2020-02-18
성신양화㈜,2020년도 대졸 신입사원 공개채용,2020-02-05,2020-02-11
무림페이퍼㈜,2020년 생산기능직 신입/경력사원 수시채용,2020-02-05,2020-02-12
㈜중앙일보,부문별 수시채용(취재/제작보조인턴 및 각 부문 경력직),2020-02-05,2020-02-19
현대글로비스㈜,2020년 계약직 채용,2020-02-06,2020-02-13
㈜세아제강,2020 대졸 신입사원 채용,2020-02-06,2020-02-16
SPC그룹,분야별 수시 채용 시스템 개발/감사/전략기획/교육,2020-02-06,2020-02-16
한세실업㈜,2020 HANSAE PINULA 신입,2020-02-06,2020-02-15
경신,2020년 대졸 신입사원 공개채용,2020-02-06,2020-02-11
비테스코테크놀로지스코리아㈜,비테스코 테크놀로지스 경력직 및 신입 채용,2020-02-07,2020-02-16
무림피엔피㈜,2020년 기능직 신입사원 수시채용,2020-02-07,2020-02-14
조선내화㈜,전산정보 부문 인재채용,2020-02-07,2020-02-19
㈜중앙일보,중앙일보 뉴스룸 영상취재/제작 보조 인턴 채용,2020-02-07,2020-02-16
부광약품㈜,생상 부문 현장직 사원 모집,2020-02-07,2020-02-23
콘티넨탈 오토모티브 일렉트로닉스 유한회사,각 부문별 신입/경력 모집,2020-02-08,2020-02-17
현대엔지비,신입/경력(정규직) 채용,2020-02-08,2020-02-23
국민연금공단,2020년 체험형 청년인턴 채용,2020-02-10,2020-02-17
STX중공업㈜,신입 및 경력 사원 모집,2020-02-10,2020-02-19
㈜한샘,2020 웹디자인 담당(정규직) 신입/경력 채용,2020-02-10,2020-02-17
창신아이엔씨,2020년 상반기 신입/경력 수시채용,2020-02-10,2020-02-19
대원씨티에스㈜,2020년 각 부분 신입/경력사원 모집,2020-02-10,2020-02-16
기아자동차㈜,각 부문 신입 상시채용,2020-02-11,2020-02-26
JW중외제약,JW그룹 2월 신입/경력 수시채용,2020-02-11,2020-02-23
㈜컴퓨존,조립팀/서비스팀(AS)/온라인구매상담 정규직 신입 및 경력 채용,2020-02-11,2020-02-16
㈜휘닉스중앙제주,휘닉스제주 신입 및 경력사원 채용,2020-02-11,2020-03-12
나이스피앤아이㈜,NICE피앤아이 신입 및 경력 채용,2020-02-11,2020-02-23
GS건설㈜,2020년 국내법무팀 변호사 모집(신입/경력),2020-02-12,2020-02-29
㈜SPC삼립,정규직전환형 인턴사원 모집,2020-02-12,2020-02-23
건설공제조합,2020 신규직원 채용,2020-02-12,2020-02-21
경동물류㈜,2020년 각 부문 경력 및 신입 채용,2020-02-12,2020-02-17
더이앤엠㈜,2020년 상반기 각 부문 신입/경력 채용,2020-02-12,2020-02-23
㈜에이블씨엔씨,각 부문 경력 및 인턴사원 채용,2020-02-13,2020-02-26
한솔케미칼,병역특례연구원 및 경력사원 채용,2020-02-13,2020-02-23
농협자산관리,2020년도 농협자산관리회사 신규직원 채용,2020-02-13,2020-02-19
동국제약㈜,각 부문별 직원 채용,2020-02-13,2020-02-20
세종문화회관,세종문화회관 사무국 일반직 채용(정규직),2020-02-13,2020-02-24
깨끗한나라㈜,2020년 상반기 수시채용,2020-02-14,2020-02-23
㈜두원공조,각 부문별(기획원가/영업원가/생산기술/품질부문/연구부문)신입사원 채용,2020-02-14,2020-02-23
현대종합금속㈜,전산실 신입 사원 모집,2020-02-14,2020-02-28
도미노피자(청오디피케이),2020년 직영매장직 2기 공개채용,2020-02-14,2020-02-23
에이제이네트웍스㈜,2월 각 부문 수시채용(신입/경력),2020-02-14,2020-02-23
한국정보화진흥원,2020년 상반기 채용,2020-02-20,2020-02-27
한국학중앙연구원,2020년 상반기 청년인턴 채용,2020-02-20,2020-02-24
